162.085, 26.9792, 13.2588, 1.17427, 0.435306, 0.131844, -0.00426142, 0.0154489
160.943, 26.7234, 12.8292, 1.03376, 0.440174, 0.114198, -0.00426142, 0.0154489
159.813, 26.4183, 12.4331, 0.9146, 0.444988, 0.0967448, -0.00426142, 0.0154489
158.696, 26.0758, 12.0688, 0.816123, 0.449751, 0.0794784, -0.00426142, 0.0154489
157.59, 25.7058, 11.7325, 0.737673, 0.454464, 0.0623929, -0.00426142, 0.0154489
156.495, 25.3165, 11.4187, 0.678633, 0.459128, 0.0454828, -0.00426142, 0.0154489
155.412, 24.915, 11.1207, 0.638419, 0.463746, 0.0287428, -0.00426142, 0.0154489
154.339, 24.5071, 10.8316, 0.616473, 0.468318, 0.0121678, -0.00426142, 0.0154489
153.276, 24.0979, 10.5443, 0.612265, 0.472845, -0.00424689, -0.00426142, 0.0154489
152.224, 23.6925, 10.2516, 0.62529, 0.47733, -0.0205059, -0.00426142, 0.0154489
151.181, 23.296, 9.94698, 0.655067, 0.481773, -0.0366136, -0.00426142, 0.0154489
150.148, 22.9139, 9.62444, 0.701138, 0.486176, -0.0525741, -0.00426142, 0.0154489
149.124, 22.5526, 9.27887, 0.763062, 0.490539, -0.0683913, -0.00426142, 0.0154489
148.109, 22.219, 8.9064, 0.840422, 0.494864, -0.0840691, -0.00426142, 0.0154489
147.103, 21.9212, 8.50475, 0.932815, 0.499151, -0.099611, -0.00426142, 0.0154489
146.106, 21.668, 8.07359, 1.03986, 0.503401, -0.115021, -0.00426142, 0.0154489
145.117, 21.4689, 7.61495, 1.16118, 0.507616, -0.130301, -0.00426142, 0.0154489
144.136, 21.3335, 7.13365, 1.29643, 0.511796, -0.145456, -0.00426142, 0.0154489
143.163, 21.2709, 6.63759, 1.44528, 0.515943, -0.160488, -0.00426142, 0.0154489
142.198, 21.2891, 6.13792, 1.60739, 0.520056, -0.1754, -0.00426142, 0.0154489
142.198, 21.2891, 6.13792, 1.60739, 0.520056, -0.1754, -0.0468924, -0.00759085
141.275, 21.383, 5.6468, 1.75958, 0.563339, -0.168393, -0.0468924, -0.00759085
140.418, 21.5425, 5.17294, 1.89553, 0.603526, -0.161888, -0.0468924, -0.00759085
139.614, 21.7588, 4.72216, 2.01824, 0.641199, -0.15579, -0.0468924, -0.00759085
138.856, 22.0241, 4.29829, 2.12989, 0.676778, -0.15003, -0.0468924, -0.00759085
138.135, 22.3311, 3.9037, 2.23212, 0.710578, -0.144559, -0.0468924, -0.00759085
137.447, 22.6739, 3.5397, 2.32619, 0.742841, -0.139336, -0.0468924, -0.00759085
136.787, 23.047, 3.20683, 2.41311, 0.77376, -0.134331, -0.0468924, -0.00759085
136.153, 23.4457, 2.90508, 2.4937, 0.803491, -0.129518, -0.0468924, -0.00759085
135.542, 23.8658, 2.63402, 2.56863, 0.83216, -0.124877, -0.0468924, -0.00759085
134.951, 24.3039, 2.39293, 2.63846, 0.859874, -0.120391, -0.0468924, -0.00759085
134.378, 24.7567, 2.1809, 2.70366, 0.886721, -0.116045, -0.0468924, -0.00759085
133.823, 25.2216, 1.99685, 2.76463, 0.91278, -0.111827, -0.0468924, -0.00759085
133.282, 25.6962, 1.83962, 2.82172, 0.938115, -0.107725, -0.0468924, -0.00759085
132.756, 26.1786, 1.70802, 2.87524, 0.962784, -0.103732, -0.0468924, -0.00759085
132.243, 26.667, 1.60079, 2.92545, 0.986836, -0.0998387, -0.0468924, -0.00759085
131.743, 27.1598, 1.51668, 2.97259, 1.01032, -0.0960379, -0.0468924, -0.00759085
131.253, 27.656, 1.45448, 3.01686, 1.03326, -0.0923234, -0.0468924, -0.00759085
130.775, 28.1542, 1.41295, 3.05844, 1.05571, -0.0886896, -0.0468924, -0.00759085
130.306, 28.6537, 1.39092, 3.09751, 1.07769, -0.0851315, -0.0468924, -0.00759085
129.847, 29.1537, 1.38723, 3.13422, 1.09923, -0.0816445, -0.0468924, -0.00759085
129.847, 29.1537, 1.38723, 3.13422, 1.09923, -0.0816445, -0.031446, -0.00500494
129.395, 29.6535, 1.40122, 3.16958, 1.11344, -0.0793826, -0.031446, -0.00500494
128.948, 30.1526, 1.43216, 3.20351, 1.12747, -0.0771491, -0.031446, -0.00500494
128.508, 30.6503, 1.47932, 3.23606, 1.14133, -0.0749432, -0.031446, -0.00500494
128.072, 31.1464, 1.54199, 3.26727, 1.15503, -0.0727636, -0.031446, -0.00500494
127.642, 31.6404, 1.61948, 3.29719, 1.16856, -0.0706097, -0.031446, -0.00500494
127.216, 32.1319, 1.7111, 3.32587, 1.18194, -0.0684804, -0.031446, -0.00500494
126.796, 32.6207, 1.81619, 3.35335, 1.19517, -0.0663749, -0.031446, -0.00500494
126.38, 33.1066, 1.93411, 3.37967, 1.20825, -0.0642925, -0.031446, -0.00500494
125.968, 33.5894, 2.06423, 3.40486, 1.2212, -0.0622324, -0.031446, -0.00500494
125.561, 34.0689, 2.20594, 3.42896, 1.234, -0.0601938, -0.031446, -0.00500494
125.158, 34.545, 2.35867, 3.45201, 1.24668, -0.0581763, -0.031446, -0.00500494
124.758, 35.0176, 2.52184, 3.47403, 1.25923, -0.056179, -0.031446, -0.00500494
124.363, 35.4867, 2.69492, 3.49505, 1.27165, -0.0542015, -0.031446, -0.00500494
123.972, 35.9522, 2.87737, 3.51511, 1.28396, -0.0522431, -0.031446, -0.00500494
123.584, 36.4142, 3.06868, 3.53423, 1.29615, -0.0503032, -0.031446, -0.00500494
123.201, 36.8726, 3.26838, 3.55244, 1.30822, -0.0483815, -0.031446, -0.00500494
122.82, 37.3274, 3.47598, 3.56976, 1.32018, -0.0464773, -0.031446, -0.00500494
122.443, 37.7788, 3.69104, 3.58622, 1.33204, -0.0445903, -0.031446, -0.00500494
122.069, 38.2268, 3.91312, 3.60184, 1.34379, -0.0427198, -0.031446, -0.00500494
121.699, 38.6714, 4.14181, 3.61663, 1.35544, -0.0408656, -0.031446, -0.00500494
121.699, 38.6714, 4.14181, 3.61663, 1.35544, -0.0408656, -0.0123121, -0.00023336
121.331, 39.1126, 4.37714, 3.63163, 1.35998, -0.0407797, -0.0123121, -0.00023336
120.964, 39.5502, 4.61903, 3.64655, 1.3645, -0.040694, -0.0123121, -0.00023336
120.598, 39.9841, 4.86738, 3.66139, 1.369, -0.0406087, -0.0123121, -0.00023336
120.233, 40.4144, 5.12211, 3.67616, 1.37349, -0.0405236, -0.0123121, -0.00023336
119.87, 40.8409, 5.38313, 3.69084, 1.37796, -0.0404388, -0.0123121, -0.00023336
119.507, 41.2635, 5.65036, 3.70544, 1.38242, -0.0403542, -0.0123121, -0.00023336
119.146, 41.6821, 5.92369, 3.71997, 1.38687, -0.04027, -0.0123121, -0.00023336
118.786, 42.0968, 6.20304, 3.73442, 1.3913, -0.040186, -0.0123121, -0.00023336
118.427, 42.5074, 6.48833, 3.74879, 1.39572, -0.0401022, -0.0123121, -0.00023336
118.07, 42.9139, 6.77945, 3.76309, 1.40012, -0.0400188, -0.0123121, -0.00023336
117.713, 43.3163, 7.07633, 3.77731, 1.40451, -0.0399356, -0.0123121, -0.00023336
117.358, 43.7143, 7.37887, 3.79146, 1.40889, -0.0398526, -0.0123121, -0.00023336
117.003, 44.1081, 7.68699, 3.80554, 1.41325, -0.0397699, -0.0123121, -0.00023336
116.65, 44.4976, 8.00059, 3.81955, 1.4176, -0.0396875, -0.0123121, -0.00023336
116.298, 44.8826, 8.31959, 3.83348, 1.42194, -0.0396053, -0.0123121, -0.00023336
115.947, 45.2631, 8.64389, 3.84734, 1.42626, -0.0395234, -0.0123121, -0.00023336
115.597, 45.6392, 8.97341, 3.86113, 1.43057, -0.0394417, -0.0123121, -0.00023336
115.248, 46.0107, 9.30806, 3.87486, 1.43487, -0.0393602, -0.0123121, -0.00023336
114.9, 46.3776, 9.64775, 3.88851, 1.43915, -0.039279, -0.0123121, -0.00023336
114.553, 46.7398, 9.99239, 3.90209, 1.44342, -0.0391981, -0.0123121, -0.00023336
114.553, 46.7398, 9.99239, 3.90209, 1.44342, -0.0391981, 0.0273918, 0.000648272
114.206, 47.0973, 10.3419, 3.91576, 1.4339, -0.0394234, 0.0273918, 0.000648272
113.856, 47.45, 10.6964, 3.92959, 1.42432, -0.0396502, 0.0273918, 0.000648272
113.503, 47.7976, 11.0558, 3.94359, 1.41467, -0.0398785, 0.0273918, 0.000648272
113.149, 48.1401, 11.4201, 3.95778, 1.40496, -0.0401085, 0.0273918, 0.000648272
112.792, 48.4773, 11.7892, 3.97214, 1.39517, -0.04034, 0.0273918, 0.000648272
112.432, 48.8092, 12.1632, 3.98669, 1.38532, -0.0405731, 0.0273918, 0.000648272
112.07, 49.1354, 12.5421, 4.00143, 1.3754, -0.0408079, 0.0273918, 0.000648272
111.705, 49.456, 12.9258, 4.01637, 1.36541, -0.0410445, 0.0273918, 0.000648272
111.337, 49.7708, 13.3143, 4.03149, 1.35534, -0.0412827, 0.0273918, 0.000648272
110.967, 50.0795, 13.7076, 4.04683, 1.3452, -0.0415228, 0.0273918, 0.000648272
110.594, 50.3821, 14.1056, 4.06236, 1.33498, -0.0417647, 0.0273918, 0.000648272
110.218, 50.6784, 14.5084, 4.07811, 1.32468, -0.0420084, 0.0273918, 0.000648272
109.839, 50.9683, 14.9158, 4.09408, 1.3143, -0.0422541, 0.0273918, 0.000648272
109.457, 51.2515, 15.3279, 4.11026, 1.30383, -0.0425017, 0.0273918, 0.000648272
109.072, 51.5279, 15.7445, 4.12668, 1.29329, -0.0427513, 0.0273918, 0.000648272
108.684, 51.7973, 16.1657, 4.14332, 1.28265, -0.043003, 0.0273918, 0.000648272
108.292, 52.0595, 16.5914, 4.16021, 1.27193, -0.0432567, 0.0273918, 0.000648272
107.898, 52.3145, 17.0215, 4.17733, 1.26112, -0.0435127, 0.0273918, 0.000648272
107.499, 52.5619, 17.456, 4.19471, 1.25021, -0.0437708, 0.0273918, 0.000648272
107.098, 52.8017, 17.8948, 4.21235, 1.23921, -0.0440312, 0.0273918, 0.000648272
107.098, 52.8017, 17.8948, 4.21235, 1.23921, -0.0440312, 0.00811633, -0.00520765
106.694, 53.0341, 18.3375, 4.22886, 1.23593, -0.0419272, 0.00811633, -0.00520765
106.289, 53.2596, 18.7838, 4.24456, 1.23264, -0.0398176, 0.00811633, -0.00520765
105.882, 53.4784, 19.2333, 4.25945, 1.22934, -0.0377024, 0.00811633, -0.00520765
105.475, 53.6909, 19.686, 4.27351, 1.22604, -0.0355815, 0.00811633, -0.00520765
105.067, 53.8973, 20.1413, 4.28673, 1.22272, -0.0334548, 0.00811633, -0.00520765
104.657, 54.0981, 20.5993, 4.29912, 1.2194, -0.0313224, 0.00811633, -0.00520765
104.247, 54.2936, 21.0594, 4.31067, 1.21607, -0.0291842, 0.00811633, -0.00520765
103.835, 54.4842, 21.5217, 4.32136, 1.21273, -0.02704, 0.00811633, -0.00520765
103.422, 54.6702, 21.9858, 4.33119, 1.20937, -0.02489, 0.00811633, -0.00520765
103.008, 54.852, 22.4516, 4.34016, 1.20601, -0.0227339, 0.00811633, -0.00520765
102.593, 55.0301, 22.9188, 4.34825, 1.20264, -0.0205719, 0.00811633, -0.00520765
102.177, 55.2048, 23.3873, 4.35546, 1.19927, -0.0184038, 0.00811633, -0.00520765
101.759, 55.3766, 23.8569, 4.36178, 1.19588, -0.0162295, 0.00811633, -0.00520765
101.34, 55.5457, 24.3274, 4.36721, 1.19248, -0.0140491, 0.00811633, -0.00520765
100.92, 55.7128, 24.7986, 4.37173, 1.18907, -0.0118624, 0.00811633, -0.00520765
100.499, 55.8781, 25.2705, 4.37534, 1.18565, -0.00966944, 0.00811633, -0.00520765
100.077, 56.0422, 25.7428, 4.37803, 1.18222, -0.00747015, 0.00811633, -0.00520765
99.6535, 56.2055, 26.2154, 4.37979, 1.17879, -0.00526447, 0.00811633, -0.00520765
99.2287, 56.3683, 26.6881, 4.38062, 1.17534, -0.00305233, 0.00811633, -0.00520765
98.8027, 56.5312, 27.1609, 4.3805, 1.17188, -0.000833683, 0.00811633, -0.00520765
98.8027, 56.5312, 27.1609, 4.3805, 1.17188, -0.000833683, -0.0206286, -0.00418003
98.3776, 56.6945, 27.6334, 4.37972, 1.18065, 0.000943137, -0.0206286, -0.00418003
97.9557, 56.8585, 28.1058, 4.37821, 1.18935, 0.00270686, -0.0206286, -0.00418003
97.5368, 57.0236, 28.5778, 4.37598, 1.198, 0.00445777, -0.0206286, -0.00418003
97.1209, 57.19, 29.0492, 4.37304, 1.20657, 0.00619613, -0.0206286, -0.00418003
96.708, 57.3582, 29.5201, 4.36941, 1.21509, 0.00792223, -0.0206286, -0.00418003
96.2979, 57.5283, 29.9903, 4.36511, 1.22355, 0.00963631, -0.0206286, -0.00418003
95.8907, 57.7008, 30.4596, 4.36014, 1.23195, 0.0113386, -0.0206286, -0.00418003
95.4862, 57.876, 30.9279, 4.35453, 1.2403, 0.0130294, -0.0206286, -0.00418003
95.0844, 58.054, 31.3951, 4.34828, 1.24858, 0.0147089, -0.0206286, -0.00418003
94.6853, 58.2353, 31.8611, 4.34141, 1.25682, 0.0163773, -0.0206286, -0.00418003
94.2887, 58.42, 32.3257, 4.33393, 1.265, 0.0180348, -0.0206286, -0.00418003
93.8947, 58.6085, 32.7888, 4.32585, 1.27313, 0.0196817, -0.0206286, -0.00418003
93.5032, 58.801, 33.2503, 4.31719, 1.2812, 0.0213182, -0.0206286, -0.00418003
93.1142, 58.9978, 33.71, 4.30795, 1.28923, 0.0229444, -0.0206286, -0.00418003
92.7276, 59.199, 34.1677, 4.29814, 1.2972, 0.0245605, -0.0206286, -0.00418003
92.3433, 59.405, 34.6233, 4.28777, 1.30513, 0.0261668, -0.0206286, -0.00418003
91.9613, 59.616, 35.0766, 4.27686, 1.31301, 0.0277633, -0.0206286, -0.00418003
91.5817, 59.8321, 35.5275, 4.26542, 1.32084, 0.0293504, -0.0206286, -0.00418003
91.2042, 60.0536, 35.9757, 4.25345, 1.32863, 0.0309281, -0.0206286, -0.00418003
90.829, 60.2807, 36.4212, 4.24096, 1.33637, 0.0324966, -0.0206286, -0.00418003
90.829, 60.2807, 36.4212, 4.24096, 1.33637, 0.0324966, 0.00144505, 0.0070971
90.4548, 60.5129, 36.864, 4.2293, 1.33583, 0.0298406, 0.00144505, 0.0070971
90.0804, 60.7499, 37.3042, 4.21862, 1.33529, 0.0271837, 0.00144505, 0.0070971
89.7059, 60.9911, 37.7422, 4.20894, 1.33474, 0.0245256, 0.00144505, 0.0070971
89.3312, 61.2361, 38.1781, 4.20025, 1.3342, 0.0218665, 0.00144505, 0.0070971
88.9564, 61.4845, 38.612, 4.19255, 1.33366, 0.0192062, 0.00144505, 0.0070971
88.5814, 61.7358, 39.0443, 4.18585, 1.33312, 0.0165449, 0.00144505, 0.0070971
88.2062, 61.9895, 39.4751, 4.18014, 1.33258, 0.0138826, 0.00144505, 0.0070971
87.831, 62.2453, 39.9048, 4.17543, 1.33204, 0.0112191, 0.00144505, 0.0070971
87.4555, 62.5026, 40.3334, 4.17172, 1.33149, 0.00855455, 0.00144505, 0.0070971
87.0799, 62.7611, 40.7614, 4.16901, 1.33095, 0.00588892, 0.00144505, 0.0070971
86.7042, 63.0204, 41.189, 4.16729, 1.33041, 0.0032222, 0.00144505, 0.0070971
86.3283, 63.28, 41.6163, 4.16658, 1.32986, 0.000554386, 0.00144505, 0.0070971
85.9522, 63.5394, 42.0437, 4.16688, 1.32932, -0.00211452, 0.00144505, 0.0070971
85.576, 63.7983, 42.4715, 4.16817, 1.32878, -0.00478451, 0.00144505, 0.0070971
85.1996, 64.0561, 42.8999, 4.17048, 1.32823, -0.00745559, 0.00144505, 0.0070971
84.8231, 64.3126, 43.3291, 4.17379, 1.32769, -0.0101278, 0.00144505, 0.0070971
84.4465, 64.5672, 43.7594, 4.17811, 1.32714, -0.012801, 0.00144505, 0.0070971
84.0696, 64.8195, 44.1911, 4.18343, 1.3266, -0.0154754, 0.00144505, 0.0070971
83.6926, 65.0691, 44.6243, 4.18977, 1.32606, -0.0181509, 0.00144505, 0.0070971
83.3155, 65.3155, 45.0594, 4.19712, 1.32551, -0.0208275, 0.00144505, 0.0070971
83.3155, 65.3155, 45.0594, 4.19712, 1.32551, -0.0208275, 0.00318091, -0.011319
82.9381, 65.5595, 45.4958, 4.20256, 1.32431, -0.0165559, 0.00318091, -0.011319
82.5604, 65.8018, 45.9332, 4.2064, 1.32311, -0.0122804, 0.00318091, -0.011319
82.1823, 66.0432, 46.371, 4.20861, 1.32191, -0.00800099, 0.00318091, -0.011319
81.8039, 66.2843, 46.8091, 4.20921, 1.3207, -0.00371772, 0.00318091, -0.011319
81.4252, 66.5259, 47.2469, 4.20818, 1.3195, 0.000569454, 0.00318091, -0.011319
81.0461, 66.7686, 47.684, 4.20552, 1.31829, 0.00486055, 0.00318091, -0.011319
80.6666, 67.0132, 48.1201, 4.20124, 1.31708, 0.00915557, 0.00318091, -0.011319
80.2868, 67.2604, 48.5547, 4.19531, 1.31588, 0.0134545, 0.00318091, -0.011319
79.9067, 67.5108, 48.9875, 4.18774, 1.31467, 0.0177574, 0.00318091, -0.011319
79.5262, 67.7652, 49.4179, 4.17853, 1.31346, 0.0220643, 0.00318091, -0.011319
79.1453, 68.0243, 49.8455, 4.16766, 1.31225, 0.0263752, 0.00318091, -0.011319
78.7641, 68.2888, 50.2699, 4.15514, 1.31103, 0.03069, 0.00318091, -0.011319
78.3825, 68.5592, 50.6904, 4.14096, 1.30982, 0.0350088, 0.00318091, -0.011319
78.0006, 68.8362, 51.1067, 4.12511, 1.3086, 0.0393317, 0.00318091, -0.011319
77.6184, 69.1205, 51.518, 4.10759, 1.30739, 0.0436585, 0.00318091, -0.011319
77.2358, 69.4127, 51.9238, 4.0884, 1.30617, 0.0479894, 0.00318091, -0.011319
76.8528, 69.7132, 52.3233, 4.06753, 1.30495, 0.0523243, 0.00318091, -0.011319
76.4694, 70.0227, 52.7161, 4.04498, 1.30373, 0.0566633, 0.00318091, -0.011319
76.0857, 70.3416, 53.1012, 4.02074, 1.30251, 0.0610063, 0.00318091, -0.011319
75.7017, 70.6704, 53.4779, 3.99481, 1.30129, 0.0653534, 0.00318091, -0.011319
75.7017, 70.6704, 53.4779, 3.99481, 1.30129, 0.0653534, 0.0425288, 0.0255793
75.315, 71.0079, 53.8468, 3.97145, 1.28485, 0.0554625, 0.0425288, 0.0255793
74.9233, 71.3526, 54.209, 3.95169, 1.26819, 0.0454433, 0.0425288, 0.0255793
74.5264, 71.703, 54.5656, 3.93566, 1.25131, 0.0352908, 0.0425288, 0.0255793
74.1241, 72.0578, 54.9179, 3.92354, 1.2342, 0.0249994, 0.0425288, 0.0255793
73.7161, 72.4154, 55.2673, 3.91547, 1.21685, 0.0145633, 0.0425288, 0.0255793
73.3022, 72.7744, 55.6154, 3.91163, 1.19924, 0.00397627, 0.0425288, 0.0255793
72.8821, 73.1331, 55.9637, 3.91222, 1.18138, -0.00676851, 0.0425288, 0.0255793
72.4556, 73.49, 56.3139, 3.91743, 1.16324, -0.0176783, 0.0425288, 0.0255793
72.0224, 73.8434, 56.6676, 3.92749, 1.14481, -0.0287609, 0.0425288, 0.0255793
71.582, 74.1914, 57.0266, 3.94263, 1.12609, -0.0400248, 0.0425288, 0.0255793
71.1342, 74.5319, 57.3927, 3.96312, 1.10704, -0.0514793, 0.0425288, 0.0255793
70.6786, 74.8628, 57.7676, 3.98923, 1.08766, -0.0631343, 0.0425288, 0.0255793
70.2147, 75.1815, 58.1529, 4.02127, 1.06794, -0.0750007, 0.0425288, 0.0255793
69.742, 75.4852, 58.5501, 4.05958, 1.04783, -0.0870905, 0.0425288, 0.0255793
69.2601, 75.7708, 58.9605, 4.10452, 1.02734, -0.0994169, 0.0425288, 0.0255793
68.7684, 76.0346, 59.3852, 4.15649, 1.00643, -0.111994, 0.0425288, 0.0255793
68.2663, 76.2728, 59.8248, 4.21595, 0.985074, -0.124838, 0.0425288, 0.0255793
67.753, 76.4808, 60.2795, 4.2834, 0.963245, -0.137967, 0.0425288, 0.0255793
67.2279, 76.6536, 60.7487, 4.35938, 0.94091, -0.151401, 0.0425288, 0.0255793
66.6899, 76.7859, 61.2309, 4.44453, 0.918032, -0.165161, 0.0425288, 0.0255793
66.6899, 76.7859, 61.2309, 4.44453, 0.918032, -0.165161, 0.0258857, -0.0209359
66.141, 76.8787, 61.7222, 4.52572, 0.903824, -0.153669, 0.0258857, -0.0209359
65.5834, 76.934, 62.2191, 4.60165, 0.889389, -0.141994, 0.0258857, -0.0209359
65.0165, 76.9542, 62.7187, 4.67205, 0.874715, -0.130126, 0.0258857, -0.0209359
64.44, 76.942, 63.2186, 4.73663, 0.859791, -0.118056, 0.0258857, -0.0209359
63.8533, 76.9007, 63.7169, 4.79509, 0.844603, -0.105773, 0.0258857, -0.0209359
63.2558, 76.8336, 64.2123, 4.84707, 0.829138, -0.0932641, 0.0258857, -0.0209359
62.647, 76.7442, 64.7043, 4.89221, 0.813378, -0.0805179, 0.0258857, -0.0209359
62.0261, 76.6362, 65.1925, 4.9301, 0.797306, -0.0675197, 0.0258857, -0.0209359
61.3925, 76.5135, 65.6772, 4.96027, 0.780905, -0.0542541, 0.0258857, -0.0209359
60.7453, 76.3802, 66.1591, 4.98223, 0.764151, -0.0407038, 0.0258857, -0.0209359
60.0835, 76.2406, 66.6392, 4.99542, 0.747021, -0.0268497, 0.0258857, -0.0209359
59.4063, 76.0991, 67.1188, 4.9992, 0.729489, -0.0126703, 0.0258857, -0.0209359
58.7123, 75.9607, 67.5992, 4.99287, 0.711526, 0.0018583, 0.0258857, -0.0209359
58.0004, 75.8306, 68.082, 4.97563, 0.693097, 0.0167633, 0.0258857, -0.0209359
57.269, 75.7146, 68.5684, 4.94657, 0.674164, 0.0320757, 0.0258857, -0.0209359
56.5165, 75.6191, 69.0592, 4.90464, 0.654684, 0.0478306, 0.0258857, -0.0209359
55.7408, 75.5511, 69.5545, 4.84865, 0.634607, 0.064069, 0.0258857, -0.0209359
54.9399, 75.5188, 70.0535, 4.77719, 0.613873, 0.0808381, 0.0258857, -0.0209359
54.1109, 75.5307, 70.5533, 4.68859, 0.592414, 0.0981938, 0.0258857, -0.0209359
53.2507, 75.5962, 71.049, 4.58089, 0.570148, 0.116202, 0.0258857, -0.0209359
53.2507, 75.5962, 71.049, 4.58089, 0.570148, 0.116202, -0.040829, 0.0193144
52.3997, 75.707, 71.5366, 4.489, 0.604895, 0.0997651, -0.040829, 0.0193144
51.5949, 75.8535, 72.0146, 4.41497, 0.637751, 0.0842221, -0.040829, 0.0193144
50.8297, 76.0279, 72.4833, 4.35617, 0.668996, 0.0694417, -0.040829, 0.0193144
50.0986, 76.2234, 72.9434, 4.31056, 0.698845, 0.0553213, -0.040829, 0.0193144
49.3975, 76.4345, 73.3967, 4.27652, 0.727471, 0.0417799, -0.040829, 0.0193144
48.723, 76.6563, 73.8448, 4.25274, 0.755012, 0.0287515, -0.040829, 0.0193144
48.0722, 76.8847, 74.2896, 4.23812, 0.781583, 0.0161819, -0.040829, 0.0193144
47.4428, 77.1159, 74.7329, 4.23176, 0.80728, 0.00402577, -0.040829, 0.0193144
46.8328, 77.3465, 75.1766, 4.23289, 0.832184, -0.00775514, -0.040829, 0.0193144
46.2406, 77.5736, 75.622, 4.24087, 0.856364, -0.0191936, -0.040829, 0.0193144
45.6646, 77.7944, 76.0706, 4.25513, 0.879879, -0.0303178, -0.040829, 0.0193144
45.1037, 78.0061, 76.5236, 4.27518, 0.902783, -0.0411524, -0.040829, 0.0193144
44.5566, 78.2062, 76.9818, 4.30058, 0.925119, -0.0517188, -0.040829, 0.0193144
44.0224, 78.3924, 77.4459, 4.33096, 0.946929, -0.0620361, -0.040829, 0.0193144
43.5003, 78.5621, 77.9162, 4.36599, 0.968248, -0.072121, -0.040829, 0.0193144
42.9894, 78.7132, 78.3928, 4.40536, 0.989107, -0.0819886, -0.040829, 0.0193144
42.4891, 78.8435, 78.8755, 4.4488, 1.00954, -0.0916523, -0.040829, 0.0193144
41.9986, 78.9508, 79.3639, 4.49607, 1.02956, -0.101124, -0.040829, 0.0193144
41.5176, 79.0332, 79.857, 4.54695, 1.0492, -0.110416, -0.040829, 0.0193144
41.0454, 79.0886, 80.3539, 4.60124, 1.06848, -0.119536, -0.040829, 0.0193144
41.0454, 79.0886, 80.3539, 4.60124, 1.06848, -0.119536, 0.0398526, -0.013578
40.5733, 79.1182, 80.8531, 4.65314, 1.04966, -0.113126, 0.0398526, -0.013578
40.0925, 79.123, 81.353, 4.70281, 1.03051, -0.106598, 0.0398526, -0.013578
39.6027, 79.1042, 81.8527, 4.75014, 1.01098, -0.0999474, 0.0398526, -0.013578
39.1032, 79.0629, 82.351, 4.79498, 0.991079, -0.0931654, 0.0398526, -0.013578
38.5935, 79.0007, 82.8471, 4.83718, 0.970765, -0.0862444, 0.0398526, -0.013578
38.0729, 78.919, 83.3404, 4.87656, 0.950017, -0.0791753, 0.0398526, -0.013578
37.5406, 78.8194, 83.8304, 4.91293, 0.928806, -0.0719485, 0.0398526, -0.013578
36.9959, 78.7036, 84.3168, 4.94608, 0.907098, -0.0645526, 0.0398526, -0.013578
36.4379, 78.5734, 84.7995, 4.97576, 0.884859, -0.0569754, 0.0398526, -0.013578
35.8654, 78.4308, 85.2787, 5.0017, 0.862045, -0.0492028, 0.0398526, -0.013578
35.2774, 78.2777, 85.7547, 5.02359, 0.838612, -0.0412188, 0.0398526, -0.013578
34.6725, 78.1163, 86.228, 5.04107, 0.814504, -0.0330052, 0.0398526, -0.013578
34.0491, 77.9489, 86.6991, 5.05373, 0.789661, -0.024541, 0.0398526, -0.013578
33.4055, 77.7781, 87.169, 5.06109, 0.76401, -0.0158016, 0.0398526, -0.013578
32.7395, 77.6065, 87.6387, 5.06258, 0.737468, -0.00675851, 0.0398526, -0.013578
32.0486, 77.4374, 88.1092, 5.05752, 0.709934, 0.00262246, 0.0398526, -0.013578
31.3298, 77.274, 88.5818, 5.04512, 0.681289, 0.0123822, 0.0398526, -0.013578
30.5794, 77.1206, 89.0576, 5.02436, 0.651384, 0.0225708, 0.0398526, -0.013578
29.7929, 76.9816, 89.5379, 4.99401, 0.620039, 0.0332502, 0.0398526, -0.013578
28.9645, 76.8627, 90.0236, 4.95248, 0.587023, 0.044499, 0.0398526, -0.013578
28.9645, 76.8627, 90.0236, 4.95248, 0.587023, 0.044499, -0.0383636, -0.0085764
28.1352, 76.7662, 90.5142, 4.90673, 0.618838, 0.0516113, -0.0383636, -0.0085764
27.3465, 76.6936, 91.0089, 4.85802, 0.649094, 0.0583754, -0.0383636, -0.0085764
26.593, 76.6465, 91.5067, 4.80673, 0.678002, 0.0648379, -0.0383636, -0.0085764
25.8703, 76.6261, 92.0063, 4.75316, 0.705727, 0.071036, -0.0383636, -0.0085764
25.1749, 76.6335, 92.5062, 4.69754, 0.732403, 0.0769995, -0.0383636, -0.0085764
24.504, 76.6697, 93.0049, 4.64009, 0.758141, 0.0827534, -0.0383636, -0.0085764
23.8552, 76.7352, 93.5006, 4.58098, 0.783034, 0.0883182, -0.0383636, -0.0085764
23.2263, 76.8306, 93.9914, 4.52035, 0.807159, 0.0937116, -0.0383636, -0.0085764
22.6157, 76.9563, 94.4753, 4.45834, 0.830584, 0.0989483, -0.0383636, -0.0085764
22.0219, 77.1123, 94.9504, 4.39504, 0.853366, 0.104041, -0.0383636, -0.0085764
21.4435, 77.2986, 95.4144, 4.33056, 0.875555, 0.109002, -0.0383636, -0.0085764
20.8794, 77.5149, 95.8652, 4.26498, 0.897196, 0.11384, -0.0383636, -0.0085764
20.3286, 77.7608, 96.3005, 4.19837, 0.918327, 0.118564, -0.0383636, -0.0085764
19.7902, 78.0354, 96.7183, 4.13081, 0.938982, 0.123181, -0.0383636, -0.0085764
19.2633, 78.338, 97.1164, 4.06234, 0.959193, 0.1277, -0.0383636, -0.0085764
18.7474, 78.6675, 97.4925, 3.99303, 0.978987, 0.132125, -0.0383636, -0.0085764
18.2417, 79.0225, 97.8446, 3.92292, 0.998388, 0.136462, -0.0383636, -0.0085764
17.7456, 79.4015, 98.1707, 3.85206, 1.01742, 0.140716, -0.0383636, -0.0085764
17.2586, 79.8029, 98.4688, 3.78049, 1.0361, 0.144893, -0.0383636, -0.0085764
16.7803, 80.2247, 98.7372, 3.70823, 1.05445, 0.148995, -0.0383636, -0.0085764
16.7803, 80.2247, 98.7372, 3.70823, 1.05445, 0.148995, -0.0364565, 0.0187398
16.3099, 80.6639, 98.9764, 3.64023, 1.0716, 0.140181, -0.0364565, 0.0187398
15.847, 81.1171, 99.1874, 3.57734, 1.08848, 0.131505, -0.0364565, 0.0187398
15.3911, 81.5819, 99.3718, 3.51934, 1.1051, 0.122962, -0.0364565, 0.0187398
14.942, 82.0558, 99.5312, 3.466, 1.12147, 0.114546, -0.0364565, 0.0187398
14.4993, 82.5369, 99.6672, 3.41713, 1.13761, 0.106251, -0.0364565, 0.0187398
14.0629, 83.0237, 99.7817, 3.37254, 1.15352, 0.0980714, -0.0364565, 0.0187398
13.6323, 83.5146, 99.8763, 3.33206, 1.16922, 0.0900034, -0.0364565, 0.0187398
13.2075, 84.0087, 99.953, 3.29551, 1.1847, 0.0820423, -0.0364565, 0.0187398
12.7882, 84.5051, 100.013, 3.26276, 1.19999, 0.074184, -0.0364565, 0.0187398
12.3741, 85.0029, 100.059, 3.23365, 1.21509, 0.0664245, -0.0364565, 0.0187398
11.9651, 85.5018, 100.093, 3.20805, 1.23, 0.0587603, -0.0364565, 0.0187398
11.561, 86.0013, 100.115, 3.18583, 1.24473, 0.0511878, -0.0364565, 0.0187398
11.1617, 86.5012, 100.127, 3.16688, 1.25929, 0.0437039, -0.0364565, 0.0187398
10.7669, 87.0012, 100.132, 3.15109, 1.27368, 0.0363056, -0.0364565, 0.0187398
10.3765, 87.5012, 100.13, 3.13834, 1.28791, 0.0289899, -0.0364565, 0.0187398
9.99039, 88.0011, 100.124, 3.12855, 1.30199, 0.0217542, -0.0364565, 0.0187398
9.6084, 88.501, 100.114, 3.12161, 1.31591, 0.0145959, -0.0364565, 0.0187398
9.23042, 89.0009, 100.102, 3.11743, 1.32969, 0.00751253, -0.0364565, 0.0187398
8.85631, 89.5007, 100.089, 3.11593, 1.34333, 0.000501843, -0.0364565, 0.0187398
8.48596, 90.0006, 100.077, 3.11703, 1.35683, -0.00643838, -0.0364565, 0.0187398
8.48596, 90.0006, 100.077, 3.11703, 1.35683, -0.00643838, 0.0420499, -0.000758709
8.11533, 90.5004, 100.066, 3.11926, 1.34125, -0.00615717, 0.0420499, -0.000758709
7.74034, 91.0003, 100.055, 3.12141, 1.32548, -0.00587267, 0.0420499, -0.000758709
7.36083, 91.5002, 100.046, 3.12347, 1.30952, -0.00558473, 0.0420499, -0.000758709
6.97664, 92.0002, 100.038, 3.12545, 1.29337, -0.00529324, 0.0420499, -0.000758709
6.58759, 92.5001, 100.031, 3.12734, 1.27701, -0.00499807, 0.0420499, -0.000758709
6.1935, 93.0001, 100.025, 3.12913, 1.26044, -0.00469906, 0.0420499, -0.000758709
5.79415, 93.5001, 100.02, 3.13082, 1.24364, -0.00439607, 0.0420499, -0.000758709
5.38933, 94, 100.015, 3.13242, 1.22662, -0.00408894, 0.0420499, -0.000758709
4.97882, 94.5, 100.011, 3.1339, 1.20936, -0.00377748, 0.0420499, -0.000758709
4.56236, 95, 100.008, 3.13528, 1.19185, -0.00346151, 0.0420499, -0.000758709
4.13969, 95.5, 100.006, 3.13654, 1.17407, -0.00314082, 0.0420499, -0.000758709
3.71053, 96, 100.004, 3.13768, 1.15603, -0.00281521, 0.0420499, -0.000758709
3.27456, 96.5, 100.002, 3.13869, 1.13769, -0.00248444, 0.0420499, -0.000758709
2.83144, 97, 100.001, 3.13957, 1.11906, -0.00214824, 0.0420499, -0.000758709
2.38082, 97.5, 100, 3.1403, 1.10011, -0.00180635, 0.0420499, -0.000758709
1.92231, 98, 100, 3.14089, 1.08083, -0.00145847, 0.0420499, -0.000758709
1.45546, 98.5, 100, 3.14132, 1.0612, -0.00110427, 0.0420499, -0.000758709
0.979815, 99, 100, 3.14159, 1.0412, -0.000743395, 0.0420499, -0.000758709
0.494851, 99.5, 100, 3.14169, 1.02081, -0.000375448, 0.0420499, -0.000758709
0, 100, 100, 3.14159, 1, 0, 0.0420499, -0.000758709
